sttl,ct_dst_src_ltm,tcprtt,sbytes,dbytes,ct_srv_dst,smean,ct_srv_src,dur,rate,label
254.0,2.1729940964309287,0.004048803210973667,393.17987199017307,-31.114064330365228,1.934086343096389,258.69239363031585,1.9873313653998466,1.1628987311150153e-05,112163.2263780236,0
254.0,2.0840682625139832,-0.032015302005250316,1602.0777564441846,6.339754067202824,2.2029069088860522,780.6782356943759,1.9670157427555155,4.772785615794717e-06,144198.41314083568,0
254.0,2.948571657730508,-0.028863395990389083,1233.9627735657316,-65.78476244445575,2.9985214531094635,466.00591970662657,2.838036030821665,5.593230077341059e-06,182699.46990830917,0
254.0,3.0594344749346036,-0.009408869982690641,874.4342151894094,21.472930320839428,2.884133572978222,460.0779545828233,2.9211450178345535,5.295113573742498e-06,160292.2233721711,0
254.0,2.949235135219923,0.08305209375972927,1507.6465578804182,465.6706394315871,3.0901052805840044,737.8044596807993,2.9495395508567737,2.6760906035107896e-05,42543.30689093717,1
254.0,1.9489818616536496,0.20525836363254849,1838.668604899987,583.3283135431061,1.866263278744786,908.7728889191633,2.115801937868036,4.119662823231848e-06,353444.2609594772,1
